{
  "nivel": "avanzado",
  "tiempoLimite": 30,
  "categoria": "general",
  "acertijos": [
    {
      "id": "a1",
      "tema": "Vacunas",
      "pregunta": "Provoco fiebre, tos y puntitos rojos en la piel, soy muy contagioso. Gracias a una vacuna triple, ya no doy tanto miedo.",
      "respuesta": "Triple viral (SRP)",
      "opciones": [
        "Varicela",
        "Triple viral (SRP)",
        "Rotavirus"
      ]
    },
    {
      "id": "a5",
      "tema": "Vacunas",
      "pregunta": "Me escondo en el agua y la comida contaminada, y dejo tu piel amarilla. Con una vacuna sencilla quedo derrotada.",
      "respuesta": "Hepatitis A",
      "opciones": [
        "Neumocócica",
        "Hepatitis A",
        "Hepatitis B"
      ]
    },
    {
      "id": "a6",
      "tema": "Vacunas",
      "pregunta": "Me encanta inflar tu cara y causar fiebre, antes era común entre niños. Una vacuna triple me deja sin poderes.",
      "respuesta": "Triple viral (Paperas)",
      "opciones": [
        "Triple viral (Paperas)",
        "Hepatitis A",
        "DTP"
      ]
    },
    {
      "id": "a3",
      "tema": "Vacunas",
      "pregunta": "Me gusta esconderme en los nervios y dejarte sin mover. Pero con una vacuna oral me hicieron desaparecer.",
      "respuesta": "Polio (Sabin)",
      "opciones": [
        "Triple viral",
        "Polio (Sabin)",
        "Rotavirus"
      ]
    },
    {
      "id": "a12",
      "tema": "Geometría 3D",
      "pregunta": "Tengo 6 caras cuadradas, 8 vértices y 12 aristas bien contadas. Me usan en los juegos y también en matemáticas.",
      "respuesta": "Cubo",
      "opciones": [
        "Esfera",
        "Cilindro",
        "Cubo"
      ]
    }
  ],
  "nombreApp": "fsdfa",
  "version": "12",
  "descripcion": "",
  "fecha": "2026-01-18",
  "plataformas": [
    "web",
    "android"
  ]
}