{
  "nivel": "basico",
  "ejercicios": [
    {
      "id": "b4",
      "title": "Uso de GPS",
      "description": "Cómo funciona el GPS.",
      "steps": [
        "Activar dispositivo",
        "Recibir señales",
        "Calcular posición",
        "Mostrar coordenadas",
        "Indicar ruta"
      ]
    },
    {
      "id": "b1",
      "title": "Lanzar un satélite",
      "description": "Pasos para lanzar un satélite.",
      "steps": [
        "Construir el satélite",
        "Montarlo en el cohete",
        "Pruebas de sistemas",
        "Encender motores",
        "Liberar en órbita"
      ]
    },
    {
      "id": "b3",
      "title": "Foto satelital",
      "description": "Capturar imagen del espacio.",
      "steps": [
        "Encender cámaras",
        "Apuntar zona",
        "Ajustar enfoque",
        "Capturar imagen",
        "Enviar a Tierra"
      ]
    }
  ],
  "timeLimit": 300,
  "nombreApp": "fsdaf",
  "version": "1",
  "descripcion": "",
  "fecha": "2026-01-18",
  "plataformas": [
    "web",
    "android"
  ]
}